Thoi_Gian,Ho_Ten,Email,Ket_Qua_Trang_Thai
2026-03-27 15:28:51,Nguyễn Văn Khang,hungtpth6969@gmail.com,Thành Công
2026-03-27 15:28:56,Trần Thị Bích,hungtpth6969+2@gmail.com,Thành Công
2026-03-27 15:29:01,Lê Hải Đăng,hungtpth6969+3@gmail.com,Thành Công
2026-03-27 15:29:06,Đặng Văn Lành,hungtpth6969+4@gmail.com,Thành Công
2026-03-27 15:29:10,Phạm Minh Tuấn,hungtpth6969+5@gmail.com,Thành Công
2026-03-27 15:29:15,Hoàng Thị Mai,hungtpth6969+6@gmail.com,Thành Công
2026-03-27 15:29:20,Vũ Trọng Phụng,hungtpth6969+7@gmail.com,Thành Công
2026-03-27 15:29:24,Bùi Xuân Huấn,hungtpth6969+8@gmail.com,Thành Công
2026-03-27 15:29:29,Đinh Trường Giang,hungtpth6969+9@gmail.com,Thành Công
2026-03-27 15:29:34,Ngô Thanh Vân,hungtpth6969+10@gmail.com,Thành Công
